Workbook

Sheet HR_Data
A1: Age | B1: Attrition | C1: BusinessTravel | D1: DailyRate | E1: Department | F1: DistanceFromHome | G1: Education | H1: EducationField | I1: EmployeeCount | J1: EmployeeNumber | K1: EnvironmentSatisfaction | L1: Gender | M1: HourlyRate | N1: JobInvolvement | O1: JobLevel | P1: JobRole | Q1: JobSatisfaction | R1: MaritalStatus | S1: MonthlyIncome | T1: MonthlyRate | U1: NumCompaniesWorked | V1: Over18 | W1: OverTime | X1: PercentSalaryHike | Y1: PerformanceRating | Z1: RelationshipSatisfaction | AA1: StandardHours | AB1: StockOptionLevel | AC1: TotalWorkingYears | AD1: TrainingTimesLastYear | AE1: WorkLifeBalance | AF1: YearsAtCompany | AG1: YearsInCurrentRole | AH1: YearsSinceLastPromotion | AI1: YearsWithCurrManager | AJ1: Salary Group
A2: 41 | B2: Yes | C2: Travel_Rarely | D2: 1102 | E2: Sales | F2: 1 | G2: 2 | H2: Life Sciences | I2: 1 | J2: 1 | K2: 2 | L2: Female | M2: 94 | N2: 3 | O2: 2 | P2: Sales Executive | Q2: 4 | R2: Single | S2: 5993 | T2: 19479 | U2: 8 | V2: Y | W2: Yes | X2: 11 | Y2: 3 | Z2: 1 | AA2: 80 | AB2: 0 | AC2: 8 | AD2: 0 | AE2: 1 | AF2: 6 | AG2: 4 | AH2: 0 | AI2: 5 | AJ2: =IF(S2<5000,"Low",IF(S2<10000,"Medium","High")) -> Medium | AL2: TOTAL EMPLOYEES | AM2: =COUNTA(J2:J1471) -> 1470
A3: 49 | B3: No | C3: Travel_Frequently | D3: 279 | E3: Research & Development | F3: 8 | G3: 1 | H3: Life Sciences | I3: 1 | J3: 2 | K3: 3 | L3: Male | M3: 61 | N3: 2 | O3: 2 | P3: Research Scientist | Q3: 2 | R3: Married | S3: 5130 | T3: 24907 | U3: 1 | V3: Y | W3: No | X3: 23 | Y3: 4 | Z3: 4 | AA3: 80 | AB3: 1 | AC3: 10 | AD3: 3 | AE3: 3 | AF3: 10 | AG3: 7 | AH3: 1 | AI3: 7 | AJ3: =IF(S3<5000,"Low",IF(S3<10000,"Medium","High")) -> Medium | AL3: EMPLOYEES LEFT | AM3: =COUNTIF(B2:B1471,"YES") -> 237
A4: 37 | B4: Yes | C4: Travel_Rarely | D4: 1373 | E4: Research & Development | F4: 2 | G4: 2 | H4: Other | I4: 1 | J4: 4 | K4: 4 | L4: Male | M4: 92 | N4: 2 | O4: 1 | P4: Laboratory Technician | Q4: 3 | R4: Single | S4: 2090 | T4: 2396 | U4: 6 | V4: Y | W4: Yes | X4: 15 | Y4: 3 | Z4: 2 | AA4: 80 | AB4: 0 | AC4: 7 | AD4: 3 | AE4: 3 | AF4: 0 | AG4: 0 | AH4: 0 | AI4: 0 | AJ4: =IF(S4<5000,"Low",IF(S4<10000,"Medium","High")) -> Low | AL4: ATTRITION RATE | AM4: =237/1470 -> 0.16122449 | AP4: OVERALL ATTRITION RATE | AQ4: =AM3/AM2 -> 0.16122449
A5: 33 | B5: No | C5: Travel_Frequently | D5: 1392 | E5: Research & Development | F5: 3 | G5: 4 | H5: Life Sciences | I5: 1 | J5: 5 | K5: 4 | L5: Female | M5: 56 | N5: 3 | O5: 1 | P5: Research Scientist | Q5: 3 | R5: Married | S5: 2909 | T5: 23159 | U5: 1 | V5: Y | W5: Yes | X5: 11 | Y5: 3 | Z5: 3 | AA5: 80 | AB5: 0 | AC5: 8 | AD5: 3 | AE5: 3 | AF5: 8 | AG5: 7 | AH5: 3 | AI5: 0 | AJ5: =IF(S5<5000,"Low",IF(S5<10000,"Medium","High")) -> Low | AL5: ACTIVE EMPLOYEE | AM5: =1470-237 -> 1233
A6: 27 | B6: No | C6: Travel_Rarely | D6: 591 | E6: Research & Development | F6: 2 | G6: 1 | H6: Medical | I6: 1 | J6: 7 | K6: 1 | L6: Male | M6: 40 | N6: 3 | O6: 1 | P6: Laboratory Technician | Q6: 2 | R6: Married | S6: 3468 | T6: 16632 | U6: 9 | V6: Y | W6: No | X6: 12 | Y6: 3 | Z6: 4 | AA6: 80 | AB6: 1 | AC6: 6 | AD6: 3 | AE6: 3 | AF6: 2 | AG6: 2 | AH6: 2 | AI6: 2 | AJ6: =IF(S6<5000,"Low",IF(S6<10000,"Medium","High")) -> Low
A7: 32 | B7: No | C7: Travel_Frequently | D7: 1005 | E7: Research & Development | F7: 2 | G7: 2 | H7: Life Sciences | I7: 1 | J7: 8 | K7: 4 | L7: Male | M7: 79 | N7: 3 | O7: 1 | P7: Laboratory Technician | Q7: 4 | R7: Single | S7: 3068 | T7: 11864 | U7: 0 | V7: Y | W7: No | X7: 13 | Y7: 3 | Z7: 3 | AA7: 80 | AB7: 0 | AC7: 8 | AD7: 2 | AE7: 2 | AF7: 7 | AG7: 7 | AH7: 3 | AI7: 6 | AJ7: =IF(S7<5000,"Low",IF(S7<10000,"Medium","High")) -> Low
A8: 59 | B8: No | C8: Travel_Rarely | D8: 1324 | E8: Research & Development | F8: 3 | G8: 3 | H8: Medical | I8: 1 | J8: 10 | K8: 3 | L8: Female | M8: 81 | N8: 4 | O8: 1 | P8: Laboratory Technician | Q8: 1 | R8: Married | S8: 2670 | T8: 9964 | U8: 4 | V8: Y | W8: Yes | X8: 20 | Y8: 4 | Z8: 1 | AA8: 80 | AB8: 3 | AC8: 12 | AD8: 3 | AE8: 2 | AF8: 1 | AG8: 0 | AH8: 0 | AI8: 0 | AJ8: =IF(S8<5000,"Low",IF(S8<10000,"Medium","High")) -> Low
A9: 30 | B9: No | C9: Travel_Rarely | D9: 1358 | E9: Research & Development | F9: 24 | G9: 1 | H9: Life Sciences | I9: 1 | J9: 11 | K9: 4 | L9: Male | M9: 67 | N9: 3 | O9: 1 | P9: Laboratory Technician | Q9: 3 | R9: Divorced | S9: 2693 | T9: 13335 | U9: 1 | V9: Y | W9: No | X9: 22 | Y9: 4 | Z9: 2 | AA9: 80 | AB9: 1 | AC9: 1 | AD9: 2 | AE9: 3 | AF9: 1 | AG9: 0 | AH9: 0 | AI9: 0 | AJ9: =IF(S9<5000,"Low",IF(S9<10000,"Medium","High")) -> Low | AL9: Department | AM9: Employees Left | AN9: Attrition Rate
A10: 38 | B10: No | C10: Travel_Frequently | D10: 216 | E10: Research & Development | F10: 23 | G10: 3 | H10: Life Sciences | I10: 1 | J10: 12 | K10: 4 | L10: Male | M10: 44 | N10: 2 | O10: 3 | P10: Manufacturing Director | Q10: 3 | R10: Single | S10: 9526 | T10: 8787 | U10: 0 | V10: Y | W10: No | X10: 21 | Y10: 4 | Z10: 2 | AA10: 80 | AB10: 0 | AC10: 10 | AD10: 2 | AE10: 3 | AF10: 9 | AG10: 7 | AH10: 1 | AI10: 8 | AJ10: =IF(S10<5000,"Low",IF(S10<10000,"Medium","High")) -> Medium | AL10: Sales | AM10: =COUNTIFS($E$2:$E$1471,"Sales",$B$2:$B$1471,"yes") -> 92 | AN10: =COUNTIFS($E$2:$E$1471,"Sales",$B$2:$B$1471,"Yes")/COUNTIF($E$2:$E$1471,"Sales") -> 0.20627803
A11: 36 | B11: No | C11: Travel_Rarely | D11: 1299 | E11: Research & Development | F11: 27 | G11: 3 | H11: Medical | I11: 1 | J11: 13 | K11: 3 | L11: Male | M11: 94 | N11: 3 | O11: 2 | P11: Healthcare Representative | Q11: 3 | R11: Married | S11: 5237 | T11: 16577 | U11: 6 | V11: Y | W11: No | X11: 13 | Y11: 3 | Z11: 2 | AA11: 80 | AB11: 2 | AC11: 17 | AD11: 3 | AE11: 2 | AF11: 7 | AG11: 7 | AH11: 7 | AI11: 7 | AJ11: =IF(S11<5000,"Low",IF(S11<10000,"Medium","High")) -> Medium | AL11: Research & Development | AM11: =COUNTIFS($E$2:$E$1471,"Research & Development",$B$2:$B$1471,"Yes") -> 133 | AN11: =COUNTIFS($E$2:$E$1471,"Research & Development",$B$2:$B$1471,"Yes")/ COUNTIF($E$2:$E$1471,"Research & Development") -> 0.1383975
A12: 35 | B12: No | C12: Travel_Rarely | D12: 809 | E12: Research & Development | F12: 16 | G12: 3 | H12: Medical | I12: 1 | J12: 14 | K12: 1 | L12: Male | M12: 84 | N12: 4 | O12: 1 | P12: Laboratory Technician | Q12: 2 | R12: Married | S12: 2426 | T12: 16479 | U12: 0 | V12: Y | W12: No | X12: 13 | Y12: 3 | Z12: 3 | AA12: 80 | AB12: 1 | AC12: 6 | AD12: 5 | AE12: 3 | AF12: 5 | AG12: 4 | AH12: 0 | AI12: 3 | AJ12: =IF(S12<5000,"Low",IF(S12<10000,"Medium","High")) -> Low | AL12: Human Resources | AM12: =COUNTIFS($E$2:$E$1471,"Human Resources",$B$2:$B$1471,"Yes") -> 12 | AN12: =COUNTIFS($E$2:$E$1471,"Human Resources",$B$2:$B$1471,"Yes")/COUNTIF($E$2:$E$1471,"Human Resources") -> 0.19047619
A13: 29 | B13: No | C13: Travel_Rarely | D13: 153 | E13: Research & Development | F13: 15 | G13: 2 | H13: Life Sciences | I13: 1 | J13: 15 | K13: 4 | L13: Female | M13: 49 | N13: 2 | O13: 2 | P13: Laboratory Technician | Q13: 3 | R13: Single | S13: 4193 | T13: 12682 | U13: 0 | V13: Y | W13: Yes | X13: 12 | Y13: 3 | Z13: 4 | AA13: 80 | AB13: 0 | AC13: 10 | AD13: 3 | AE13: 3 | AF13: 9 | AG13: 5 | AH13: 0 | AI13: 8 | AJ13: =IF(S13<5000,"Low",IF(S13<10000,"Medium","High")) -> Low
A14: 31 | B14: No | C14: Travel_Rarely | D14: 670 | E14: Research & Development | F14: 26 | G14: 1 | H14: Life Sciences | I14: 1 | J14: 16 | K14: 1 | L14: Male | M14: 31 | N14: 3 | O14: 1 | P14: Research Scientist | Q14: 3 | R14: Divorced | S14: 2911 | T14: 15170 | U14: 1 | V14: Y | W14: No | X14: 17 | Y14: 3 | Z14: 4 | AA14: 80 | AB14: 1 | AC14: 5 | AD14: 1 | AE14: 2 | AF14: 5 | AG14: 2 | AH14: 4 | AI14: 3 | AJ14: =IF(S14<5000,"Low",IF(S14<10000,"Medium","High")) -> Low
A15: 34 | B15: No | C15: Travel_Rarely | D15: 1346 | E15: Research & Development | F15: 19 | G15: 2 | H15: Medical | I15: 1 | J15: 18 | K15: 2 | L15: Male | M15: 93 | N15: 3 | O15: 1 | P15: Laboratory Technician | Q15: 4 | R15: Divorced | S15: 2661 | T15: 8758 | U15: 0 | V15: Y | W15: No | X15: 11 | Y15: 3 | Z15: 3 | AA15: 80 | AB15: 1 | AC15: 3 | AD15: 2 | AE15: 3 | AF15: 2 | AG15: 2 | AH15: 1 | AI15: 2 | AJ15: =IF(S15<5000,"Low",IF(S15<10000,"Medium","High")) -> Low
A16: 28 | B16: Yes | C16: Travel_Rarely | D16: 103 | E16: Research & Development | F16: 24 | G16: 3 | H16: Life Sciences | I16: 1 | J16: 19 | K16: 3 | L16: Male | M16: 50 | N16: 2 | O16: 1 | P16: Laboratory Technician | Q16: 3 | R16: Single | S16: 2028 | T16: 12947 | U16: 5 | V16: Y | W16: Yes | X16: 14 | Y16: 3 | Z16: 2 | AA16: 80 | AB16: 0 | AC16: 6 | AD16: 4 | AE16: 3 | AF16: 4 | AG16: 2 | AH16: 0 | AI16: 3 | AJ16: =IF(S16<5000,"Low",IF(S16<10000,"Medium","High")) -> Low
A17: 29 | B17: No | C17: Travel_Rarely | D17: 1389 | E17: Research & Development | F17: 21 | G17: 4 | H17: Life Sciences | I17: 1 | J17: 20 | K17: 2 | L17: Female | M17: 51 | N17: 4 | O17: 3 | P17: Manufacturing Director | Q17: 1 | R17: Divorced | S17: 9980 | T17: 10195 | U17: 1 | V17: Y | W17: No | X17: 11 | Y17: 3 | Z17: 3 | AA17: 80 | AB17: 1 | AC17: 10 | AD17: 1 | AE17: 3 | AF17: 10 | AG17: 9 | AH17: 8 | AI17: 8 | AJ17: =IF(S17<5000,"Low",IF(S17<10000,"Medium","High")) -> Medium
A18: 32 | B18: No | C18: Travel_Rarely | D18: 334 | E18: Research & Development | F18: 5 | G18: 2 | H18: Life Sciences | I18: 1 | J18: 21 | K18: 1 | L18: Male | M18: 80 | N18: 4 | O18: 1 | P18: Research Scientist | Q18: 2 | R18: Divorced | S18: 3298 | T18: 15053 | U18: 0 | V18: Y | W18: Yes | X18: 12 | Y18: 3 | Z18: 4 | AA18: 80 | AB18: 2 | AC18: 7 | AD18: 5 | AE18: 2 | AF18: 6 | AG18: 2 | AH18: 0 | AI18: 5 | AJ18: =IF(S18<5000,"Low",IF(S18<10000,"Medium","High")) -> Low
A19: 22 | B19: No | C19: Non-Travel | D19: 1123 | E19: Research & Development | F19: 16 | G19: 2 | H19: Medical | I19: 1 | J19: 22 | K19: 4 | L19: Male | M19: 96 | N19: 4 | O19: 1 | P19: Laboratory Technician | Q19: 4 | R19: Divorced | S19: 2935 | T19: 7324 | U19: 1 | V19: Y | W19: Yes | X19: 13 | Y19: 3 | Z19: 2 | AA19: 80 | AB19: 2 | AC19: 1 | AD19: 2 | AE19: 2 | AF19: 1 | AG19: 0 | AH19: 0 | AI19: 0 | AJ19: =IF(S19<5000,"Low",IF(S19<10000,"Medium","High")) -> Low
A20: 53 | B20: No | C20: Travel_Rarely | D20: 1219 | E20: Sales | F20: 2 | G20: 4 | H20: Life Sciences | I20: 1 | J20: 23 | K20: 1 | L20: Female | M20: 78 | N20: 2 | O20: 4 | P20: Manager | Q20: 4 | R20: Married | S20: 15427 | T20: 22021 | U20: 2 | V20: Y | W20: No | X20: 16 | Y20: 3 | Z20: 3 | AA20: 80 | AB20: 0 | AC20: 31 | AD20: 3 | AE20: 3 | AF20: 25 | AG20: 8 | AH20: 3 | AI20: 7 | AJ20: =IF(S20<5000,"Low",IF(S20<10000,"Medium","High")) -> High
A21: 38 | B21: No | C21: Travel_Rarely | D21: 371 | E21: Research & Development | F21: 2 | G21: 3 | H21: Life Sciences | I21: 1 | J21: 24 | K21: 4 | L21: Male | M21: 45 | N21: 3 | O21: 1 | P21: Research Scientist | Q21: 4 | R21: Single | S21: 3944 | T21: 4306 | U21: 5 | V21: Y | W21: Yes | X21: 11 | Y21: 3 | Z21: 3 | AA21: 80 | AB21: 0 | AC21: 6 | AD21: 3 | AE21: 3 | AF21: 3 | AG21: 2 | AH21: 1 | AI21: 2 | AJ21: =IF(S21<5000,"Low",IF(S21<10000,"Medium","High")) -> Low
A22: 24 | B22: No | C22: Non-Travel | D22: 673 | E22: Research & Development | F22: 11 | G22: 2 | H22: Other | I22: 1 | J22: 26 | K22: 1 | L22: Female | M22: 96 | N22: 4 | O22: 2 | P22: Manufacturing Director | Q22: 3 | R22: Divorced | S22: 4011 | T22: 8232 | U22: 0 | V22: Y | W22: No | X22: 18 | Y22: 3 | Z22: 4 | AA22: 80 | AB22: 1 | AC22: 5 | AD22: 5 | AE22: 2 | AF22: 4 | AG22: 2 | AH22: 1 | AI22: 3 | AJ22: =IF(S22<5000,"Low",IF(S22<10000,"Medium","High")) -> Low
A23: 36 | B23: Yes | C23: Travel_Rarely | D23: 1218 | E23: Sales | F23: 9 | G23: 4 | H23: Life Sciences | I23: 1 | J23: 27 | K23: 3 | L23: Male | M23: 82 | N23: 2 | O23: 1 | P23: Sales Representative | Q23: 1 | R23: Single | S23: 3407 | T23: 6986 | U23: 7 | V23: Y | W23: No | X23: 23 | Y23: 4 | Z23: 2 | AA23: 80 | AB23: 0 | AC23: 10 | AD23: 4 | AE23: 3 | AF23: 5 | AG23: 3 | AH23: 0 | AI23: 3 | AJ23: =IF(S23<5000,"Low",IF(S23<10000,"Medium","High")) -> Low
A24: 34 | B24: No | C24: Travel_Rarely | D24: 419 | E24: Research & Development | F24: 7 | G24: 4 | H24: Life Sciences | I24: 1 | J24: 28 | K24: 1 | L24: Female | M24: 53 | N24: 3 | O24: 3 | P24: Research Director | Q24: 2 | R24: Single | S24: 11994 | T24: 21293 | U24: 0 | V24: Y | W24: No | X24: 11 | Y24: 3 | Z24: 3 | AA24: 80 | AB24: 0 | AC24: 13 | AD24: 4 | AE24: 3 | AF24: 12 | AG24: 6 | AH24: 2 | AI24: 11 | AJ24: =IF(S24<5000,"Low",IF(S24<10000,"Medium","High")) -> High
... A1471: 34 | B1471: No | C1471: Travel_Rarely | D1471: 628 | E1471: Research & Development | F1471: 8 | G1471: 3 | H1471: Medical | I1471: 1 | J1471: 2068 | K1471: 2 | L1471: Male | M1471: 82 | N1471: 4 | O1471: 2 | P1471: Laboratory Technician | Q1471: 3 | R1471: Married | S1471: 4404 | T1471: 10228 | U1471: 2 | V1471: Y | W1471: No | X1471: 12 | Y1471: 3 | Z1471: 1 | AA1471: 80 | AB1471: 0 | AC1471: 6 | AD1471: 3 | AE1471: 4 | AF1471: 4 | AG1471: 3 | AH1471: 1 | AI1471: 2 | AJ1471: =IF(S1471<5000,"Low",IF(S1471<10000,"Medium","High")) -> Low

Sheet JobRole-Analysis
A1: Job Role | B1: Employee Left | C1: Total Employees | D1: Attrition Rate
A2: Sales Executive | B2: =COUNTIFS(HR_Data!$P:$P,A2,HR_Data!$B:$B,"Yes") -> 57 | C2: =COUNTIF(HR_Data!$P:$P,A2) -> 326 | D2: =B2/C2 -> 0.17484663
A3: Research Scientist | B3: =COUNTIFS(HR_Data!$P:$P,A3,HR_Data!$B:$B,"Yes") -> 47 | C3: =COUNTIF(HR_Data!$P:$P,A3) -> 292 | D3: =B3/C3 -> 0.1609589
A4: Laboratory Technician | B4: =COUNTIFS(HR_Data!$P:$P,A4,HR_Data!$B:$B,"Yes") -> 62 | C4: =COUNTIF(HR_Data!$P:$P,A4) -> 259 | D4: =B4/C4 -> 0.23938224
A5: Manufacturing Director | B5: =COUNTIFS(HR_Data!$P:$P,A5,HR_Data!$B:$B,"Yes") -> 10 | C5: =COUNTIF(HR_Data!$P:$P,A5) -> 145 | D5: =B5/C5 -> 0.068965517
A6: Healthcare Representative | B6: =COUNTIFS(HR_Data!$P:$P,A6,HR_Data!$B:$B,"Yes") -> 9 | C6: =COUNTIF(HR_Data!$P:$P,A6) -> 131 | D6: =B6/C6 -> 0.06870229
A7: Manager | B7: =COUNTIFS(HR_Data!$P:$P,A7,HR_Data!$B:$B,"Yes") -> 5 | C7: =COUNTIF(HR_Data!$P:$P,A7) -> 102 | D7: =B7/C7 -> 0.049019608
A8: Sales Representative | B8: =COUNTIFS(HR_Data!$P:$P,A8,HR_Data!$B:$B,"Yes") -> 33 | C8: =COUNTIF(HR_Data!$P:$P,A8) -> 83 | D8: =B8/C8 -> 0.39759036
A9: Research Director | B9: =COUNTIFS(HR_Data!$P:$P,A9,HR_Data!$B:$B,"Yes") -> 2 | C9: =COUNTIF(HR_Data!$P:$P,A9) -> 80 | D9: =B9/C9 -> 0.025
A10: Human Resources | B10: =COUNTIFS(HR_Data!$P:$P,A10,HR_Data!$B:$B,"Yes") -> 12 | C10: =COUNTIF(HR_Data!$P:$P,A10) -> 52 | D10: =B10/C10 -> 0.23076923
A25: Job Role | B25: Average Monthly Income
A26: Sales Executive | B26: =AVERAGEIF(HR_Data!P:P,A26,HR_Data!S:S) -> 6924.2791
A27: Research Scientist | B27: =AVERAGEIF(HR_Data!P:P,A27,HR_Data!S:S) -> 3239.9726
A28: Laboratory Technician | B28: =AVERAGEIF(HR_Data!P:P,A28,HR_Data!S:S) -> 3237.1699
A29: Manufacturing Director | B29: =AVERAGEIF(HR_Data!P:P,A29,HR_Data!S:S) -> 7295.1379
A30: Healthcare Representative | B30: =AVERAGEIF(HR_Data!P:P,A30,HR_Data!S:S) -> 7528.7634
A31: Manager | B31: =AVERAGEIF(HR_Data!P:P,A31,HR_Data!S:S) -> 17181.676
A32: Sales Representative | B32: =AVERAGEIF(HR_Data!P:P,A32,HR_Data!S:S) -> 2626
A33: Research Director | B33: =AVERAGEIF(HR_Data!P:P,A33,HR_Data!S:S) -> 16033.55
A34: Human Resources | B34: =AVERAGEIF(HR_Data!P:P,A34,HR_Data!S:S) -> 4235.75
A42: Department | B42: Average Monthly Salary
A43: Sales | B43: =AVERAGEIF(HR_Data!E:E,A43,HR_Data!S:S) -> 6959.1726
A44: Research & Development | B44: =AVERAGEIF(HR_Data!E:E,A44,HR_Data!S:S) -> 6281.2529
A45: Human Resources | B45: =AVERAGEIF(HR_Data!E:E,A45,HR_Data!S:S) -> 6654.5079
A55: Salary Group | B55: Total Employees | C55: Attrition Rate | D55: Attrition Rate(%)
A56: LOW | B56: =COUNTIF(HR_Data!AJ:AJ,"Low") -> 749 | C56: =COUNTIFS(HR_Data!AJ:AJ,"Low",HR_Data!B:B,"Yes") -> 163 | D56: =C56/B56 -> 0.2176235
A57: Medium | B57: =COUNTIF(HR_Data!AJ:AJ,"Medium") -> 440 | C57: =COUNTIFS(HR_Data!AJ:AJ,"Medium",HR_Data!B:B,"Yes") -> 49 | D57: =C57/B57 -> 0.11136364
A58: HIGH | B58: =COUNTIF(HR_Data!AJ:AJ,"High") -> 281 | C58: =COUNTIFS(HR_Data!AJ:AJ,"High",HR_Data!B:B,"Yes") -> 25 | D58: =C58/B58 -> 0.088967972
